LSOA_code,imd_score
E01000001,3645
E01000002,2465
E01000003,17929
E01000005,24166
E01000006,18358
E01000007,25588
E01000008,27834
E01000009,26108
E01000010,25944
E01000011,25146
E01000012,26854
E01000013,28271
E01000014,27194
E01000015,26439
E01000016,26105
E01000017,28274
E01000018,26340
E01000019,26434
E01000020,27324
E01000021,28233
E01000022,26746
E01000023,27601
E01000024,24511
E01000025,27541
E01000027,27747
E01000028,28604
E01000029,20455
E01000030,28084
E01000031,20577
E01000032,24807
E01000033,27965
E01000034,27269
E01000035,22774
E01000036,17816
E01000037,16716
E01000038,18173
E01000039,20302
E01000040,26816
E01000041,26243
E01000042,29002
E01000043,23852
E01000044,24019
E01000045,27205
E01000046,24706
E01000048,29727
E01000049,28916
E01000050,26850
E01000051,27616
E01000052,26295
E01000053,28595
E01000054,24720
E01000055,25240
E01000056,27273
E01000057,26132
E01000058,25668
E01000059,25894
E01000060,27369
E01000061,30042
E01000062,23063
E01000063,26324
E01000064,27053
E01000065,28548
E01000066,22515
E01000067,19271
E01000068,22423
E01000069,15264
E01000070,19313
E01000071,17474
E01000072,28870
E01000073,28199
E01000074,26974
E01000075,27629
E01000076,27393
E01000077,28877
E01000078,26970
E01000079,26787
E01000080,26248
E01000081,25106
E01000082,23744
E01000083,26733
E01000084,28529
E01000085,27006
E01000086,28022
E01000087,26722
E01000088,24270
E01000089,24336
E01000090,23971
E01000091,29175
E01000092,26496
E01000093,30175
E01000094,23914
E01000095,25860
E01000096,28847
E01000097,27978
E01000098,28389
E01000099,24471
E01000100,25692
E01000101,28718
E01000102,29287
E01000103,26136
E01000104,26842
E01000105,29615
E01000106,29489
E01000107,23979
E01000108,23904
E01000109,22471
E01000110,16479
E01000111,24300
E01000112,21919
E01000113,22243
E01000114,20989
E01000115,3670
E01000116,5526
E01000117,7886
E01000118,8101
E01000119,10187
E01000120,3272
E01000121,27381
E01000122,8536
E01000123,9566
E01000124,21210
E01000125,23085
E01000126,26437
E01000127,23569
E01000128,23289
E01000129,25290
E01000130,25223
E01000131,19221
E01000132,22385
E01000133,25184
E01000134,21875
E01000135,11259
E01000136,7004
E01000137,24233
E01000138,23730
E01000139,11117
E01000140,15680
E01000141,24243
E01000142,15539
E01000143,25464
E01000144,17011
E01000145,13534
E01000146,17197
E01000147,11562
E01000148,23631
E01000150,14473
E01000151,28238
E01000152,25936
E01000153,29018
E01000154,26039
E01000155,19144
E01000156,6175
E01000157,11413
E01000158,18238
E01000159,15148
E01000160,10819
E01000161,13410
E01000162,17155
E01000163,24100
E01000164,22287
E01000165,12062
E01000166,13790
E01000167,23990
E01000168,4487
E01000169,12031
E01000170,18813
E01000171,21634
E01000172,6311
E01000173,7972
E01000174,15159
E01000175,5308
E01000176,25076
E01000177,6102
E01000178,5836
E01000179,6382
E01000180,13453
E01000181,6023
E01000182,5787
E01000183,9084
E01000184,25734
E01000185,22545
E01000186,2518
E01000187,11802
E01000188,5808
E01000189,21793
E01000190,8533
E01000191,4317
E01000192,14369
E01000193,15016
E01000194,17924
E01000195,23251
E01000196,10994
E01000197,11253
E01000198,10491
E01000199,4802
E01000200,7798
E01000201,4760
E01000202,4221
E01000203,14422
E01000204,8408
E01000205,5447
E01000206,7215
E01000207,4040
E01000208,4078
E01000209,4595
E01000210,6011
E01000211,13467
E01000212,8699
E01000213,5258
E01000214,8963
E01000215,12430
E01000216,8337
E01000217,9324
E01000218,14232
E01000219,18384
E01000220,15953
E01000221,29966
E01000222,23305
E01000223,27238
E01000224,18206
E01000225,9480
E01000226,25622
E01000227,8267
E01000228,11223
E01000229,19765
E01000230,5640
E01000231,16397
E01000232,13431
E01000233,6853
E01000234,6618
E01000235,21033
E01000236,9036
E01000237,7778
E01000238,13359
E01000239,19724
E01000240,18127
E01000241,9198
E01000242,17733
E01000243,12983
E01000244,14551
E01000245,21532
E01000246,9093
E01000247,8514
E01000248,4906
E01000249,3231
E01000250,11821
E01000251,17479
E01000252,12190
E01000253,7644
E01000254,5498
E01000255,17373
E01000256,9102
E01000257,22074
E01000258,7249
E01000259,12179
E01000260,18371
E01000261,5332
E01000262,10249
E01000263,3235
E01000264,15356
E01000265,14022
E01000266,5802
E01000267,11517
E01000268,14174
E01000269,8879
E01000270,10645
E01000271,4119
E01000272,2183
E01000273,13054
E01000274,14471
E01000275,12354
E01000276,1401
E01000277,16909
E01000278,2846
E01000279,7001
E01000280,1300
E01000281,9428
E01000282,6523
E01000283,1986
E01000284,14377
E01000285,14061
E01000286,21411
E01000287,20602
E01000288,11839
E01000289,28058
E01000290,18439
E01000291,26147
E01000292,9870
E01000293,5294
E01000294,10951
E01000295,12113
E01000296,10808
E01000297,7061
E01000298,10472
E01000299,15855
E01000300,10964
E01000301,4598
E01000302,14484
E01000303,4289
E01000304,12389
E01000305,23729
E01000306,12938
E01000307,21009
E01000308,25693
E01000309,12798
E01000310,17777
E01000311,9598
E01000312,22038
E01000313,18435
E01000314,9165
E01000315,26059
E01000316,18390
E01000317,9347
E01000318,13626
E01000319,8216
E01000320,6694
E01000321,13309
E01000322,13796
E01000323,17455
E01000324,12642
E01000325,3245
E01000326,10638
E01000327,5387
E01000328,9991
E01000329,14784
E01000330,16590
E01000331,23956
E01000332,14987
E01000333,22574
E01000334,11778
E01000335,25658
E01000336,25471
E01000337,18097
E01000338,17511
E01000339,15191
E01000340,11614
E01000341,6903
E01000342,6953
E01000343,6211
E01000344,3512
E01000345,3699
E01000346,7917
E01000347,9716
E01000348,2319
E01000349,5108
E01000350,5647
E01000351,5264
E01000352,13685
E01000353,2528
E01000354,19542
E01000355,6002
E01000356,5716
E01000357,1415
E01000358,3562
E01000359,3590
E01000360,17310
E01000361,9817
E01000362,11387
E01000363,7465
E01000364,11455
E01000365,13289
E01000366,8161
E01000367,25245
E01000368,26546
E01000369,13547
E01000370,9945
E01000371,5986
E01000372,24781
E01000373,24513
E01000374,29220
E01000375,16965
E01000376,15117
E01000377,10996
E01000378,19475
E01000379,17265
E01000380,21004
E01000381,23703
E01000382,3912
E01000383,19343
E01000384,10761
E01000385,25886
E01000386,29009
E01000387,11067
E01000388,9259
E01000389,9774
E01000390,8552
E01000391,12801
E01000392,20725
E01000393,7260
E01000394,7485
E01000395,2373
E01000396,5858
E01000398,18501
E01000399,7194
E01000400,13622
E01000401,19366
E01000402,21183
E01000403,24597
E01000404,24856
E01000405,24288
E01000406,20979
E01000407,13554
E01000408,21333
E01000409,3309
E01000410,5146
E01000411,7860
E01000412,6550
E01000413,9470
E01000414,12511
E01000415,3682
E01000416,22233
E01000417,18092
E01000418,17318
E01000419,6680
E01000420,9689
E01000421,4801
E01000422,27288
E01000423,2954
E01000424,4271
E01000425,3923
E01000426,8754
E01000427,11662
E01000428,21415
E01000429,29253
E01000430,15367
E01000431,27351
E01000432,21709
E01000433,27142
E01000434,28035
E01000435,25383
E01000436,2352
E01000437,12548
E01000438,12925
E01000439,21334
E01000440,5477
E01000441,24360
E01000442,12790
E01000443,16895
E01000444,4314
E01000445,3157
E01000446,3691
E01000447,8768
E01000448,712
E01000449,2772
E01000450,16755
E01000451,5149
E01000452,5129
E01000453,5823
E01000454,17239
E01000455,5999
E01000456,3525
E01000457,10788
E01000458,2967
E01000459,13333
E01000460,2439
E01000461,4637
E01000462,13231
E01000463,2457
E01000464,22365
E01000465,24174
E01000466,21099
E01000467,17214
E01000468,19183
E01000469,18410
E01000470,28067
E01000471,19681
E01000472,20739
E01000473,22212
E01000474,19899
E01000475,19371
E01000476,18197
E01000477,21141
E01000478,21282
E01000479,14738
E01000480,10415
E01000481,23665
E01000482,26302
E01000483,26381
E01000484,28155
E01000485,24665
E01000486,14453
E01000487,16403
E01000488,21666
E01000489,20961
E01000490,21596
E01000491,19457
E01000492,12229
E01000493,11022
E01000494,18060
E01000495,25996
E01000497,21251
E01000498,25975
E01000499,23327
E01000501,27188
E01000502,24179
E01000503,24124
E01000504,19593
E01000505,18779
E01000506,25021
E01000507,20075
E01000508,27914
E01000509,26645
E01000510,24865
E01000511,25291
E01000512,17529
E01000513,14407
E01000514,13533
E01000515,23558
E01000516,17946
E01000517,12420
E01000518,22614
E01000519,18807
E01000520,18988
E01000521,31131
E01000522,25513
E01000523,25651
E01000524,29623
E01000525,26443
E01000526,29162
E01000527,26662
E01000528,30000
E01000530,14485
E01000531,22251
E01000532,20146
E01000533,28154
E01000534,17954
E01000535,24651
E01000536,9801
E01000538,7822
E01000539,7584
E01000540,8914
E01000541,13692
E01000543,19612
E01000544,26415
E01000545,24990
E01000546,20324
E01000547,20578
E01000548,26053
E01000549,15959
E01000550,26818
E01000551,28901
E01000552,29469
E01000553,24377
E01000554,19316
E01000555,14845
E01000556,25762
E01000557,21125
E01000558,23150
E01000559,20159
E01000560,17674
E01000561,21903
E01000562,9357
E01000563,7823
E01000564,16120
E01000565,21407
E01000566,13714
E01000567,16856
E01000568,13160
E01000569,7667
E01000570,21516
E01000571,20268
E01000572,10971
E01000573,12264
E01000574,9213
E01000575,16176
E01000576,15382
E01000577,26009
E01000578,24291
E01000579,24303
E01000580,18586
E01000581,14440
E01000582,13219
E01000583,19523
E01000584,13424
E01000585,13131
E01000586,19682
E01000587,13936
E01000588,22758
E01000589,17840
E01000590,17573
E01000591,18992
E01000592,19036
E01000593,18159
E01000594,15920
E01000595,29850
E01000596,30097
E01000599,30875
E01000600,27594
E01000601,31652
E01000602,28509
E01000603,28287
E01000604,29401
E01000605,29890
E01000606,18217
E01000607,17441
E01000608,20176
E01000609,19284
E01000610,22037
E01000611,21487
E01000612,20783
E01000613,22230
E01000615,18277
E01000616,19775
E01000617,21527
E01000618,19949
E01000619,17971
E01000620,19220
E01000621,22184
E01000622,24881
E01000623,15018
E01000624,17385
E01000625,20424
E01000626,29483
E01000627,28322
E01000628,26453
E01000629,14696
E01000630,24173
E01000631,15723
E01000632,17301
E01000633,21777
E01000634,19971
E01000635,24670
E01000636,16845
E01000637,21025
E01000638,24328
E01000639,20116
E01000640,23245
E01000641,25171
E01000642,23429
E01000643,30833
E01000644,22069
E01000645,1763
E01000646,6659
E01000647,4391
E01000648,3902
E01000649,7137
E01000650,10265
E01000651,8065
E01000652,3720
E01000653,8067
E01000654,5691
E01000655,8468
E01000656,4304
E01000657,10880
E01000658,4419
E01000659,5403
E01000661,27830
E01000662,16850
E01000663,16368
E01000664,17619
E01000665,9831
E01000666,2910
E01000667,4360
E01000668,10099
E01000669,6733
E01000670,3268
E01000671,9060
E01000672,5262
E01000673,6132
E01000674,10939
E01000675,8539
E01000676,19128
E01000677,12150
E01000678,6973
E01000679,6845
E01000680,7264
E01000681,429
E01000682,1663
E01000683,11027
E01000684,965
E01000685,11388
E01000686,4895
E01000687,3997
E01000688,381
E01000689,19887
E01000690,4746
E01000691,11915
E01000692,4201
E01000693,10324
E01000694,5495
E01000695,5222
E01000696,4915
E01000697,925
E01000698,12903
E01000699,18610
E01000700,12613
E01000701,11566
E01000702,8478
E01000703,8926
E01000704,8733
E01000705,15240
E01000706,15471
E01000707,817
E01000708,5612
E01000709,15062
E01000710,8745
E01000711,10421
E01000712,4519
E01000713,5913
E01000714,8295
E01000715,4028
E01000716,5187
E01000717,6333
E01000718,23449
E01000719,22348
E01000720,29440
E01000721,29423
E01000722,21202
E01000723,12600
E01000724,27358
E01000725,23755
E01000726,15073
E01000727,13381
E01000728,19629
E01000729,28851
E01000730,29062
E01000731,24700
E01000732,13261
E01000733,18457
E01000734,10635
E01000735,24843
E01000736,19987
E01000737,25844
E01000738,18641
E01000739,29236
E01000740,22476
E01000741,22009
E01000742,20957
E01000743,26885
E01000744,29037
E01000745,17996
E01000746,16276
E01000747,18713
E01000748,11425
E01000749,9892
E01000750,25155
E01000751,4161
E01000752,6279
E01000753,3540
E01000754,5076
E01000755,2403
E01000756,2272
E01000757,1786
E01000758,830
E01000759,5549
E01000760,7152
E01000761,4853
E01000762,4468
E01000763,2728
E01000764,10902
E01000765,4794
E01000766,633
E01000767,2101
E01000768,6696
E01000769,21440
E01000770,3399
E01000771,2807
E01000772,1390
E01000773,3942
E01000774,7540
E01000775,4948
E01000777,5438
E01000778,11967
E01000779,14027
E01000780,20574
E01000781,27731
E01000782,30310
E01000783,25516
E01000784,8565
E01000785,25606
E01000786,7721
E01000787,20373
E01000788,20809
E01000789,27512
E01000790,12522
E01000791,7900
E01000792,17483
E01000793,2170
E01000794,1086
E01000795,13196
E01000796,24880
E01000797,12326
E01000798,29166
E01000799,17970
E01000800,23848
E01000801,16886
E01000802,18267
E01000803,16063
E01000804,6189
E01000805,19890
E01000806,22474
E01000807,3436
E01000808,4523
E01000809,1526
E01000810,285
E01000811,2455
E01000812,8586
E01000813,781
E01000814,1610
E01000815,393
E01000816,12970
E01000818,12296
E01000819,22978
E01000820,19383
E01000822,12087
E01000823,10169
E01000824,14313
E01000825,15853
E01000826,1647
E01000827,2518
E01000828,8457
E01000829,3491
E01000830,1130
E01000831,5957
E01000832,3369
E01000833,490
E01000834,2202
E01000835,4913
E01000836,2887
E01000837,8597
E01000838,2344
E01000839,1646
E01000840,8803
E01000841,1880
E01000842,6453
E01000843,12432
E01000844,8082
E01000845,9862
E01000846,20169
E01000847,15972
E01000848,3410
E01000849,5414
E01000850,13158
E01000851,13891
E01000852,13540
E01000853,25204
E01000854,14740
E01000855,13568
E01000856,25499
E01000857,13775
E01000858,27857
E01000859,4805
E01000860,16451
E01000861,26374
E01000862,9359
E01000863,26730
E01000864,16662
E01000865,12045
E01000866,20412
E01000867,24022
E01000868,28356
E01000869,20180
E01000870,23158
E01000871,13137
E01000872,21668
E01000873,6565
E01000874,2253
E01000875,19957
E01000876,24793
E01000877,9690
E01000878,2984
E01000879,3247
E01000880,3511
E01000881,12258
E01000882,1652
E01000883,7769
E01000884,2596
E01000885,4554
E01000886,7222
E01000887,11859
E01000888,13488
E01000889,25224
E01000890,28838
E01000891,28049
E01000892,14709
E01000893,2642
E01000894,4064
E01000895,6242
E01000896,3081
E01000897,2722
E01000898,10454
E01000899,3343
E01000900,22673
E01000901,24976
E01000902,27391
E01000903,17542
E01000904,21823
E01000905,27996
E01000906,8857
E01000907,26503
E01000908,23382
E01000909,10407
E01000910,7997
E01000911,15817
E01000912,20321
E01000913,7429
E01000914,11901
E01000915,20832
E01000916,18014
E01000917,26942
E01000918,19056
E01000919,19882
E01000920,13942
E01000921,14121
E01000922,19865
E01000923,17901
E01000924,12106
E01000925,24526
E01000926,16221
E01000927,13870
E01000928,18759
E01000929,22316
E01000930,25173
E01000931,26794
E01000932,18534
E01000933,22502
E01000934,27110
E01000935,25890
E01000936,19636
E01000937,13228
E01000938,26457
E01000939,28297
E01000940,18211
E01000941,27984
E01000942,14242
E01000943,18327
E01000944,20586
E01000945,24581
E01000946,13696
E01000947,21885
E01000948,24322
E01000949,18148
E01000950,28497
E01000951,26680
E01000952,26333
E01000953,27698
E01000954,26913
E01000955,26265
E01000956,26424
E01000957,22860
E01000958,21797
E01000959,28277
E01000960,15352
E01000961,20529
E01000962,3443
E01000963,6728
E01000964,16579
E01000965,16226
E01000966,4474
E01000967,7495
E01000968,13173
E01000969,3724
E01000970,8686
E01000971,5614
E01000972,23302
E01000973,18977
E01000974,22134
E01000975,16464
E01000976,22527
E01000977,23980
E01000978,18949
E01000979,16349
E01000980,22965
E01000981,12885
E01000982,17304
E01000983,12346
E01000984,25128
E01000985,6708
E01000986,11841
E01000987,7554
E01000989,11181
E01000990,28655
E01000991,6847
E01000992,25825
E01000993,10910
E01000994,18275
E01000995,18955
E01000996,18447
E01000997,20335
E01000998,25995
E01000999,20647
E01001000,23927
E01001001,27779
E01001002,20196
E01001003,22065
E01001004,23218
E01001005,20914
E01001006,25134
E01001007,17500
E01001008,25004
E01001009,21302
E01001010,29052
E01001011,25227
E01001012,27812
E01001013,30008
E01001014,24949
E01001015,21657
E01001016,13264
E01001017,5819
E01001018,3899
E01001019,2775
E01001020,6347
E01001021,27124
E01001022,7509
E01001023,21079
E01001024,6884
E01001025,3671
E01001026,11471
E01001027,8964
E01001028,3595
E01001029,13910
E01001030,4882
E01001031,4368
E01001032,1143
E01001033,13367
E01001034,13752
E01001035,17045
E01001036,10651
E01001037,18829
E01001038,17198
E01001039,6585
E01001040,14081
E01001041,19393
E01001042,27511
E01001043,25520
E01001044,8593
E01001045,27229
E01001046,8043
E01001047,20108
E01001048,24310
E01001049,11039
E01001050,20105
E01001051,28291
E01001052,29161
E01001053,25928
E01001054,26925
E01001055,28221
E01001056,27933
E01001057,28735
E01001058,10229
E01001059,14154
E01001060,18944
E01001061,21239
E01001062,8173
E01001063,4358
E01001064,11621
E01001065,14790
E01001066,28242
E01001067,4511
E01001068,16116
E01001069,8037
E01001070,13350
E01001071,11736
E01001072,6031
E01001073,15227
E01001074,16999
E01001075,10179
E01001076,27383
E01001077,17205
E01001078,27308
E01001079,26565
E01001080,30597
E01001081,26829
E01001082,26185
E01001083,12184
E01001084,12884
E01001085,17289
E01001086,15566
E01001087,21450
E01001088,15023
E01001089,24213
E01001090,21074
E01001091,14301
E01001092,18347
E01001093,10301
E01001094,6376
E01001095,15181
E01001096,4649
E01001097,20401
E01001098,5192
E01001099,18233
E01001100,6832
E01001101,2450
E01001102,4688
E01001103,4762
E01001104,3117
E01001105,19131
E01001106,11291
E01001107,4571
E01001108,2458
E01001109,25798
E01001110,29367
E01001111,24063
E01001112,24993
E01001113,24015
E01001114,28978
E01001115,29658
E01001116,24284
E01001117,23521
E01001118,28729
E01001119,6873
E01001120,8355
E01001121,4828
E01001122,7760
E01001123,7359
E01001124,3208
E01001125,10735
E01001126,4297
E01001127,7598
E01001128,26900
E01001129,1962
E01001130,27681
E01001131,11458
E01001132,7395
E01001133,9888
E01001134,8196
E01001135,6546
E01001136,26138
E01001137,21150
E01001138,17267
E01001139,18115
E01001140,19862
E01001141,23531
E01001142,19627
E01001143,24903
E01001144,27661
E01001145,28563
E01001146,18264
E01001147,26574
E01001148,20896
E01001149,14956
E01001150,18945
E01001151,28825
E01001152,27686
E01001153,20569
E01001154,24314
E01001155,29553
E01001156,22817
E01001157,16871
E01001158,18862
E01001159,13357
E01001160,12629
E01001161,29269
E01001162,23994
E01001163,15200
E01001164,18904
E01001165,21563
E01001166,25819
E01001167,19953
E01001168,19423
E01001169,26049
E01001170,23300
E01001171,21813
E01001172,29377
E01001173,18278
E01001174,20427
E01001175,25102
E01001176,20625
E01001177,25593
E01001178,31748
E01001179,19069
E01001180,23717
E01001181,29237
E01001182,19806
E01001183,21543
E01001184,15777
E01001185,18486
E01001186,24383
E01001187,18997
E01001188,23894
E01001189,16461
E01001190,23513
E01001191,26930
E01001192,23678
E01001193,26721
E01001194,16926
E01001195,12877
E01001196,27987
E01001197,20523
E01001198,13749
E01001199,20281
E01001200,14875
E01001201,16419
E01001202,26500
E01001203,26066
E01001204,12559
E01001205,25299
E01001206,29207
E01001207,15099
E01001208,10490
E01001209,4654
E01001210,30769
E01001211,8816
E01001212,12294
E01001213,23901
E01001214,14834
E01001215,24910
E01001216,20208
E01001217,14979
E01001218,27415
E01001219,27317
E01001220,30321
E01001221,21499
E01001222,19970
E01001223,10285
E01001224,7240
E01001225,19860
E01001226,12176
E01001227,8692
E01001228,9984
E01001229,24921
E01001230,19486
E01001231,12742
E01001232,21307
E01001233,21372
E01001234,20735
E01001235,13122
E01001236,15170
E01001237,15881
E01001238,21800
E01001239,26031
E01001240,18867
E01001241,20228
E01001242,23205
E01001243,22322
E01001244,24275
E01001245,14337
E01001246,25769
E01001247,19506
E01001248,16189
E01001249,28996
E01001250,27668
E01001251,17355
E01001252,22447
E01001253,14544
E01001254,13493
E01001255,12297
E01001257,28823
E01001258,14773
E01001259,18603
E01001260,19106
E01001261,20579
E01001262,25458
E01001263,26775
E01001264,21720
E01001265,18966
E01001266,15010
E01001267,25704
E01001268,17202
E01001269,12424
E01001270,14555
E01001271,15738
E01001272,17660
E01001273,7665
E01001274,6422
E01001275,17632
E01001276,18959
E01001277,16317
E01001278,21318
E01001279,4716
E01001280,12565
E01001281,5106
E01001282,26963
E01001283,28607
E01001284,14653
E01001285,20907
E01001286,21179
E01001287,25401
E01001288,14919
E01001289,14424
E01001290,11443
E01001291,17897
E01001292,12760
E01001293,16166
E01001294,20446
E01001295,16045
E01001296,20080
E01001297,21044
E01001298,23799
E01001299,5783
E01001300,6877
E01001301,18523
E01001302,10320
E01001303,8212
E01001304,12959
E01001305,5380
E01001306,6159
E01001307,9634
E01001308,9976
E01001309,14005
E01001310,17255
E01001311,24325
E01001312,15531
E01001313,12572
E01001314,9450
E01001315,16931
E01001316,25685
E01001317,22948
E01001318,27312
E01001319,16749
E01001320,29013
E01001321,22697
E01001322,21386
E01001323,20829
E01001324,26376
E01001325,23032
E01001326,26199
E01001327,25208
E01001328,26438
E01001329,21537
E01001330,29343
E01001331,27718
E01001332,28567
E01001333,28475
E01001334,28925
E01001335,19179
E01001336,22019
E01001337,27217
E01001338,23360
E01001339,27187
E01001340,27985
E01001341,11609
E01001342,13736
E01001343,14280
E01001344,17083
E01001345,16297
E01001346,10673
E01001347,17327
E01001348,17965
E01001349,26422
E01001350,15055
E01001351,23814
E01001352,14160
E01001353,21057
E01001354,20252
E01001355,21756
E01001356,29981
E01001357,29122
E01001358,29956
E01001359,22020
E01001360,24397
E01001361,26666
E01001362,24431
E01001363,22761
E01001364,29172
E01001365,23818
E01001366,24101
E01001367,24954
E01001368,24324
E01001369,22021
E01001370,22591
E01001371,23335
E01001372,25293
E01001373,22849
E01001374,9755
E01001375,2852
E01001376,21428
E01001377,6065
E01001379,3977
E01001380,11234
E01001381,16745
E01001382,6272
E01001383,10171
E01001384,8131
E01001385,6500
E01001386,8221
E01001387,15336
E01001388,26888
E01001389,19335
E01001390,9006
E01001391,22444
E01001392,9193
E01001393,17688
E01001394,23232
E01001395,27049
E01001396,17647
E01001397,21852
E01001398,7334
E01001399,9765
E01001400,8794
E01001401,11139
E01001402,7032
E01001403,14774
E01001404,17739
E01001405,10775
E01001406,21758
E01001407,17169
E01001408,15548
E01001409,26918
E01001410,29877
E01001411,12236
E01001412,23991
E01001413,5504
E01001414,29326
E01001415,14368
E01001416,5381
E01001417,6088
E01001418,19350
E01001419,14128
E01001420,22891
E01001421,23116
E01001422,5611
E01001423,25683
E01001424,29926
E01001425,30389
E01001426,28879
E01001427,29262
E01001428,27999
E01001429,30063
E01001430,29142
E01001431,29456
E01001432,28469
E01001433,27345
E01001434,23916
E01001435,22821
E01001436,24114
E01001437,28202
E01001438,26940
E01001439,27038
E01001440,25078
E01001441,27662
E01001442,29679
E01001444,20629
E01001445,24750
E01001446,23759
E01001447,29320
E01001448,24894
E01001449,24555
E01001450,19621
E01001451,15672
E01001452,9935
E01001453,3614
E01001454,7235
E01001455,9715
E01001456,3019
E01001457,12788
E01001458,28648
E01001459,21346
E01001460,28047
E01001461,28598
E01001462,26981
E01001463,20560
E01001464,28062
E01001465,21740
E01001466,23984
E01001467,22941
E01001468,24737
E01001469,20981
E01001470,9019
E01001471,16161
E01001472,12661
E01001473,14870
E01001474,11861
E01001475,4871
E01001476,23827
E01001477,26951
E01001478,22594
E01001479,26290
E01001480,25105
E01001481,22975
E01001482,28124
E01001483,31201
E01001484,21780
E01001485,27672
E01001486,28988
E01001487,26975
E01001488,25046
E01001489,25250
E01001491,26098
E01001492,25779
E01001493,24460
E01001494,14371
E01001495,11287
E01001496,13179
E01001497,21126
E01001498,16215
E01001499,21472
E01001500,18341
E01001501,22851
E01001502,25396
E01001503,23896
E01001504,24950
E01001505,26412
E01001506,28170
E01001507,28723
E01001508,25705
E01001509,26715
E01001510,30222
E01001511,19977
E01001512,17063
E01001513,26347
E01001514,19876
E01001515,27669
E01001516,24305
E01001517,30479
E01001518,20382
E01001519,12048
E01001520,16241
E01001521,6981
E01001522,12963
E01001523,6793
E01001524,19399
E01001525,15648
E01001526,8543
E01001527,14715
E01001528,26926
E01001529,25851
E01001530,18913
E01001531,6322
E01001532,6435
E01001533,4626
E01001534,9737
E01001535,13259
E01001536,17393
E01001537,10157
E01001538,9656
E01001539,14112
E01001540,13167
E01001541,7973
E01001542,17274
E01001543,7863
E01001544,7799
E01001545,29871
E01001546,23761
E01001547,24408
E01001548,25788
E01001549,29341
E01001550,27318
E01001551,29164
E01001552,22890
E01001553,28050
E01001554,29131
E01001555,26844
E01001556,17815
E01001557,24897
E01001558,28496
E01001559,28893
E01001560,26777
E01001562,30119
E01001563,15442
E01001564,8660
E01001565,15160
E01001566,12827
E01001567,3733
E01001568,8121
E01001569,8807
E01001570,16655
E01001571,16669
E01001572,14388
E01001573,14619
E01001574,28365
E01001575,30279
E01001576,28425
E01001577,26404
E01001578,23147
E01001579,27861
E01001580,9260
E01001581,18845
E01001582,20980
E01001583,12310
E01001584,6828
E01001585,11731
E01001586,21550
E01001587,10778
E01001588,27311
E01001589,23670
E01001590,16943
E01001591,25655
E01001592,13600
E01001593,10017
E01001594,27429
E01001595,20952
E01001596,7532
E01001597,14087
E01001598,13064
E01001599,16208
E01001600,12362
E01001601,9461
E01001602,25926
E01001603,27539
E01001604,12295
E01001605,4770
E01001606,3849
E01001607,16581
E01001608,13156
E01001609,20055
E01001610,11675
E01001611,17550
E01001613,18527
E01001614,6501
E01001615,18701
E01001617,6760
E01001618,21221
E01001619,13658
E01001620,25639
E01001621,25712
E01001623,21920
E01001624,22288
E01001625,28771
E01001629,24992
E01001631,26633
E01001632,17213
E01001633,26642
E01001634,29042
E01001635,20938
E01001636,22466
E01001637,23290
E01001638,23858
E01001640,25081
E01001641,15226
E01001642,10102
E01001644,16076
E01001645,23726
E01001646,22099
E01001647,19792
E01001648,17790
E01001649,27017
E01001650,25747
E01001651,29511
E01001652,16282
E01001653,28849
E01001654,28559
E01001655,29258
E01001656,16946
E01001657,9810
E01001658,16889
E01001659,19087
E01001660,26410
E01001661,26987
E01001662,20120
E01001664,19541
E01001665,15984
E01001666,22298
E01001667,29270
E01001668,23189
E01001669,23713
E01001671,20753
E01001672,23333
E01001673,27265
E01001674,20165
E01001675,24185
E01001676,23981
E01001677,18249
E01001678,12977
E01001679,12342
E01001680,6857
E01001681,16973
E01001682,16904
E01001683,20673
E01001684,21911
E01001685,16140
E01001686,18935
E01001687,27189
E01001688,23020
E01001690,24680
E01001692,24824
E01001693,26461
E01001694,20921
E01001695,27568
E01001696,27574
E01001697,26551
E01001698,24609
E01001699,21900
E01001700,25366
E01001701,24558
E01001702,27921
E01001703,25686
E01001704,21168
E01001705,26005
E01001706,28417
E01001708,19011
E01001709,27745
E01001710,26380
E01001711,23724
E01001712,25457
E01001713,27653
E01001714,29628
E01001715,23987
E01001716,27665
E01001717,23534
E01001718,18632
E01001719,27215
E01001720,18286
E01001722,25642
E01001723,20693
E01001724,22282
E01001725,22991
E01001726,26106
E01001727,20528
E01001728,25090
E01001729,29126
E01001730,29947
E01001731,25370
E01001732,28314
E01001733,25927
E01001734,27398
E01001735,27013
E01001736,19695
E01001737,21818
E01001738,20749
E01001739,22532
E01001740,29570
E01001741,16507
E01001742,24349
E01001744,25766
E01001745,27587
E01001746,27043
E01001747,25330
E01001748,26107
E01001749,25347
E01001750,27326
E01001751,17380
E01001752,23163
E01001753,27279
E01001754,25526
E01001755,28603
E01001756,21106
E01001757,25715
E01001758,28228
E01001759,24316
E01001760,28340
E01001761,30217
E01001762,23301
E01001763,20161
E01001764,24210
E01001765,29470
E01001767,26557
E01001768,21648
E01001769,23121
E01001770,26686
E01001772,29053
E01001773,28034
E01001774,23921
E01001775,28349
E01001776,29982
E01001777,26690
E01001779,25126
E01001780,27879
E01001781,29721
E01001782,19339
E01001783,28149
E01001784,23041
E01001785,25168
E01001786,27955
E01001787,29473
E01001788,29243
E01001789,23633
E01001790,30968
E01001791,25850
E01001792,26060
E01001793,22003
E01001794,22958
E01001795,25524
E01001796,24037
E01001798,30075
E01001799,22981
E01001800,28321
E01001801,25508
E01001802,26384
E01001803,14603
E01001804,22949
E01001805,23393
E01001806,24819
E01001807,24390
E01001808,25219
E01001809,23049
E01001811,30450
E01001812,24748
E01001813,30431
E01001814,26061
E01001815,27559
E01001816,22203
E01001819,23736
E01001820,28875
E01001821,29410
E01001822,29927
E01001823,23970
E01001824,26527
E01001825,23211
E01001826,26682
E01001827,27600
E01001828,26657
E01001829,15353
E01001830,25941
E01001831,24430
E01001832,23868
E01001833,25694
E01001834,25178
E01001835,19536
E01001836,22780
E01001837,15930
E01001838,30064
E01001839,28204
E01001840,28588
E01001841,25640
E01001842,28433
E01001843,25770
E01001844,23220
E01001845,30817
E01001846,30139
E01001847,31529
E01001848,28546
E01001849,26617
E01001850,29358
E01001851,12073
E01001852,15623
E01001853,19138
E01001854,17841
E01001855,17104
E01001856,25577
E01001857,28577
E01001858,25143
E01001859,18703
E01001860,25713
E01001861,24907
E01001862,26042
E01001863,17579
E01001864,24240
E01001865,12520
E01001866,12997
E01001867,12555
E01001868,27259
E01001869,13195
E01001870,15761
E01001871,10988
E01001872,14492
E01001873,20588
E01001874,21406
E01001875,26395
E01001876,27746
E01001877,26312
E01001878,26865
E01001879,20490
E01001880,19398
E01001881,13871
E01001882,12390
E01001883,21072
E01001884,22630
E01001885,30753
E01001886,22575
E01001887,20951
E01001888,9294
E01001889,18419
E01001890,12552
E01001891,10033
E01001892,24025
E01001893,26502
E01001894,25030
E01001895,18054
E01001896,20100
E01001897,14354
E01001898,20246
E01001899,29431
E01001900,27430
E01001901,9337
E01001902,14596
E01001903,22397
E01001904,7682
E01001905,4705
E01001906,7856
E01001907,10148
E01001908,15865
E01001909,20461
E01001910,17076
E01001911,26833
E01001912,27138
E01001913,9290
E01001914,18479
E01001915,11724
E01001916,4339
E01001917,14472
E01001918,9003
E01001919,6581
E01001920,25350
E01001921,17680
E01001922,10765
E01001923,16407
E01001924,7275
E01001925,7076
E01001926,4035
E01001927,7673
E01001928,18980
E01001929,10991
E01001930,25307
E01001931,17142
E01001932,22602
E01001933,19192
E01001934,21337
E01001935,15833
E01001937,12116
E01001938,23535
E01001939,19334
E01001940,26878
E01001941,24919
E01001942,21561
E01001943,26194
E01001944,29366
E01001945,22138
E01001946,20033
E01001947,27842
E01001948,13491
E01001949,5804
E01001950,7968
E01001951,16193
E01001952,14621
E01001953,20140
E01001954,23474
E01001955,27967
E01001956,23424
E01001957,28207
E01001958,28169
E01001959,28606
E01001960,17071
E01001961,29073
E01001962,14403
E01001963,6544
E01001964,13720
E01001965,9814
E01001966,12114
E01001967,6881
E01001968,9704
E01001969,23278
E01001970,23246
E01001971,27922
E01001972,22901
E01001973,16960
E01001974,18023
E01001975,19489
E01001976,27927
E01001977,28904
E01001978,28692
E01001979,28983
E01001980,24056
E01001981,24677
E01001982,25767
E01001983,23608
E01001984,18090
E01001985,8323
E01001986,11177
E01001987,7715
E01001988,14950
E01001989,13706
E01001990,14531
E01001991,13913
E01001992,5267
E01001993,4193
E01001994,8482
E01001995,22765
E01001996,7969
E01001997,13623
E01001998,16328
E01001999,23038
E01002000,17339
E01002001,19109
E01002002,28168
E01002003,27583
E01002004,17027
E01002005,14974
E01002006,14520
E01002007,10447
E01002008,7233
E01002009,11018
E01002010,18609
E01002011,19630
E01002013,10835
E01002014,19722
E01002015,22845
E01002016,19743
E01002017,21173
E01002018,23058
E01002019,5395
E01002020,15989
E01002021,8767
E01002022,13299
E01002023,14378
E01002024,16570
E01002025,5697
E01002026,30048
E01002027,24800
E01002028,23324
E01002029,27418
E01002030,19869
E01002031,26254
E01002032,27794
E01002033,28096
E01002034,30878
E01002036,31380
E01002037,29768
E01002038,30108
E01002039,31433
E01002040,30053
E01002041,27963
E01002042,17342
E01002043,23484
E01002044,21432
E01002045,23945
E01002046,25623
E01002047,20970
E01002048,22206
E01002049,25501
E01002050,21053
E01002051,27475
E01002052,23888
E01002053,27310
E01002054,27563
E01002055,21019
E01002056,24365
E01002057,20655
E01002058,21947
E01002059,19464
E01002060,10597
E01002061,13017
E01002062,14661
E01002063,19968
E01002064,25238
E01002065,23610
E01002066,30347
E01002067,28584
E01002068,25624
E01002069,28572
E01002070,22793
E01002071,31159
E01002072,27300
E01002073,28378
E01002074,28665
E01002075,26560
E01002076,26288
E01002077,27929
E01002078,26708
E01002079,22853
E01002080,25084
E01002081,29873
E01002082,32298
E01002083,16468
E01002084,23353
E01002085,23936
E01002086,26183
E01002087,27068
E01002088,21578
E01002089,30182
E01002090,28426
E01002091,28958
E01002092,27267
E01002093,30170
E01002094,28922
E01002095,30173
E01002096,29447
E01002097,29174
E01002098,20060
E01002099,28725
E01002100,26508
E01002101,19708
E01002102,23855
E01002103,22419
E01002104,22366
E01002105,23806
E01002106,8874
E01002107,3855
E01002108,6392
E01002109,7078
E01002110,5313
E01002111,13824
E01002112,3772
E01002113,14824
E01002114,19896
E01002115,11720
E01002116,6533
E01002117,15232
E01002118,17313
E01002119,17881
E01002120,25616
E01002121,10460
E01002122,14546
E01002123,15902
E01002124,13297
E01002125,14374
E01002126,13572
E01002127,12088
E01002128,16534
E01002129,16628
E01002130,21826
E01002131,24194
E01002132,7398
E01002133,26203
E01002134,7282
E01002135,14092
E01002136,11611
E01002137,2031
E01002138,16261
E01002139,25175
E01002140,16971
E01002141,14026
E01002142,13290
E01002143,18471
E01002144,12743
E01002145,14690
E01002146,997
E01002147,6807
E01002148,8843
E01002149,1929
E01002150,9236
E01002151,26619
E01002152,3870
E01002153,3069
E01002154,11441
E01002155,4393
E01002156,4417
E01002157,9435
E01002158,3417
E01002159,11746
E01002160,11938
E01002161,13597
E01002162,16491
E01002163,9697
E01002164,6839
E01002165,13505
E01002166,12129
E01002167,18765
E01002168,22661
E01002169,16820
E01002170,15371
E01002171,10021
E01002172,11603
E01002173,12526
E01002174,8679
E01002175,10183
E01002176,11692
E01002177,12829
E01002178,8336
E01002179,19370
E01002180,23172
E01002181,11176
E01002182,13584
E01002183,17729
E01002184,17224
E01002185,25123
E01002186,17290
E01002187,11149
E01002188,719
E01002189,3002
E01002190,3574
E01002191,3953
E01002192,4139
E01002193,9469
E01002194,2732
E01002195,3075
E01002196,2705
E01002197,10664
E01002198,12041
E01002199,8870
E01002200,14847
E01002201,8024
E01002202,17008
E01002203,11860
E01002204,12875
E01002206,13162
E01002207,10494
E01002208,2301
E01002209,8246
E01002210,6398
E01002211,23456
E01002212,18250
E01002213,16723
E01002214,17019
E01002215,23151
E01002216,10920
E01002217,26032
E01002218,15431
E01002219,18811
E01002220,13507
E01002221,15752
E01002222,11957
E01002223,13152
E01002224,21215
E01002225,4486
E01002226,12800
E01002227,28030
E01002228,12678
E01002229,18792
E01002230,8890
E01002231,20405
E01002232,18220
E01002233,21987
E01002234,17492
E01002235,23797
E01002236,16727
E01002237,18536
E01002238,9684
E01002239,7232
E01002240,18654
E01002241,20016
E01002242,6227
E01002243,24964
E01002244,17629
E01002245,16623
E01002246,13596
E01002247,18455
E01002248,19513
E01002249,18975
E01002250,19739
E01002251,21775
E01002252,8787
E01002253,337
E01002254,819
E01002255,6207
E01002256,3906
E01002257,1562
E01002258,13823
E01002259,5091
E01002260,10758
E01002261,12581
E01002262,14920
E01002263,5601
E01002264,25783
E01002265,10262
E01002266,14045
E01002267,22727
E01002268,10227
E01002269,6684
E01002270,4043
E01002271,5669
E01002272,7407
E01002273,8846
E01002274,5216
E01002275,6177
E01002276,24659
E01002277,26345
E01002278,26184
E01002279,22248
E01002280,30659
E01002281,26492
E01002282,28627
E01002283,25065
E01002284,24660
E01002285,4694
E01002286,2661
E01002287,7121
E01002288,3967
E01002289,7439
E01002290,5471
E01002291,7887
E01002292,16881
E01002293,16104
E01002294,7057
E01002295,15083
E01002296,12039
E01002297,28145
E01002298,10236
E01002299,18496
E01002300,8945
E01002301,10829
E01002302,17025
E01002303,25308
E01002304,20309
E01002305,16837
E01002306,25423
E01002307,18613
E01002308,21790
E01002309,20669
E01002310,28443
E01002311,22819
E01002312,23650
E01002313,22457
E01002314,28557
E01002315,20732
E01002316,28799
E01002317,2802
E01002318,6386
E01002319,15667
E01002320,6969
E01002321,7748
E01002322,5426
E01002323,10554
E01002324,20109
E01002325,23040
E01002326,18112
E01002327,14349
E01002328,8348
E01002329,14443
E01002330,17560
E01002331,14330
E01002332,13747
E01002333,6418
E01002334,9893
E01002335,15315
E01002336,11788
E01002337,12578
E01002338,10223
E01002339,3153
E01002340,6637
E01002341,9286
E01002342,18247
E01002343,12005
E01002344,18360
E01002345,24962
E01002346,22408
E01002347,13239
E01002348,8472
E01002349,12799
E01002350,22870
E01002351,10453
E01002352,16667
E01002353,14200
E01002354,2359
E01002355,3865
E01002356,26475
E01002358,15324
E01002359,4544
E01002360,12683
E01002361,17894
E01002362,4353
E01002363,17022
E01002364,4458
E01002365,12380
E01002366,9575
E01002367,7942
E01002368,28306
E01002369,19599
E01002370,24616
E01002371,15127
E01002372,9319
E01002373,12741
E01002374,15577
E01002375,24321
E01002376,4308
E01002377,11672
E01002378,5785
E01002379,4023
E01002380,15831
E01002381,12161
E01002382,6003
E01002383,6160
E01002384,4531
E01002385,12653
E01002386,5564
E01002387,1848
E01002388,281
E01002389,1767
E01002390,707
E01002391,9029
E01002392,26999
E01002393,20638
E01002394,17586
E01002395,19704
E01002396,24150
E01002397,22886
E01002398,19433
E01002399,18182
E01002400,23099
E01002401,23037
E01002402,21711
E01002403,23021
E01002404,24673
E01002405,21116
E01002406,22063
E01002407,21139
E01002408,25300
E01002409,20349
E01002410,14730
E01002411,21458
E01002412,12095
E01002413,25139
E01002414,6764
E01002415,4462
E01002416,4842
E01002417,4021
E01002418,10588
E01002419,2819
E01002420,12670
E01002421,7035
E01002422,14729
E01002423,12620
E01002424,12298
E01002425,21442
E01002426,16476
E01002427,11999
E01002428,10857
E01002429,24874
E01002430,3510
E01002431,2271
E01002432,4106
E01002433,15785
E01002434,2844
E01002435,1505
E01002436,9451
E01002437,3109
E01002438,11313
E01002439,15854
E01002440,18677
E01002441,21268
E01002442,21311
E01002443,18414
E01002444,20495
E01002445,25009
E01002446,19996
E01002447,21599
E01002448,16925
E01002449,19597
E01002450,5331
E01002451,4678
E01002452,7569
E01002453,9798
E01002454,18178
E01002455,18652
E01002456,17758
E01002457,23161
E01002458,4627
E01002459,1125
E01002460,4033
E01002461,8668
E01002462,4447
E01002463,4928
E01002464,3817
E01002465,8888
E01002466,5293
E01002467,3134
E01002468,4315
E01002469,5751
E01002470,9212
E01002471,4916
E01002472,6076
E01002473,14863
E01002474,8933
E01002475,16421
E01002476,1889
E01002477,8283
E01002478,5178
E01002479,18154
E01002480,1412
E01002481,17666
E01002482,680
E01002483,7492
E01002484,19521
E01002485,14181
E01002486,22024
E01002487,21509
E01002488,17264
E01002489,14885
E01002490,19930
E01002491,22719
E01002492,19338
E01002493,25729
E01002494,9732
E01002495,8373
E01002496,15662
E01002497,13929
E01002498,6147
E01002499,11504
E01002501,19476
E01002502,24443
E01002503,25283
E01002504,22249
E01002505,27320
E01002506,26166
E01002507,19295
E01002508,26806
E01002509,5994
E01002511,21197
E01002512,3460
E01002513,10877
E01002514,11059
E01002515,19952
E01002516,5176
E01002518,8584
E01002519,24777
E01002520,18253
E01002521,24459
E01002523,15976
E01002525,17831
E01002526,24218
E01002527,23642
E01002528,26983
E01002529,18853
E01002530,27070
E01002531,16332
E01002532,24081
E01002533,15924
E01002534,7918
E01002535,6210
E01002536,7129
E01002537,4708
E01002538,10871
E01002539,4667
E01002540,23695
E01002541,13675
E01002542,24729
E01002543,25140
E01002544,13224
E01002545,29356
E01002546,18131
E01002547,22114
E01002548,25761
E01002549,19409
E01002550,24605
E01002551,19938
E01002552,24479
E01002553,27356
E01002554,23719
E01002555,13512
E01002556,15825
E01002557,22350
E01002558,21354
E01002559,22510
E01002560,24123
E01002561,26845
E01002562,26100
E01002563,14704
E01002564,26681
E01002565,16879
E01002566,26679
E01002567,19557
E01002568,25664
E01002569,7303
E01002570,12234
E01002571,2683
E01002572,24965
E01002573,10814
E01002574,9310
E01002575,4953
E01002576,19858
E01002577,11004
E01002578,8941
E01002579,8153
E01002580,21857
E01002581,10010
E01002582,10832
E01002583,21242
E01002584,17425
E01002585,24062
E01002586,15517
E01002587,21547
E01002588,27898
E01002589,20927
E01002590,17353
E01002591,19881
E01002592,21744
E01002593,21310
E01002594,19963
E01002595,23287
E01002596,21615
E01002598,22492
E01002599,22990
E01002600,23331
E01002601,15705
E01002602,14457
E01002603,23025
E01002604,27039
E01002605,25506
E01002606,28033
E01002607,19351
E01002608,25007
E01002609,14866
E01002610,23103
E01002611,19297
E01002612,23180
E01002613,17315
E01002614,13528
E01002615,27305
E01002616,15986
E01002617,11876
E01002618,14928
E01002619,17450
E01002620,22584
E01002621,18550
E01002622,20708
E01002623,23941
E01002624,19823
E01002625,15327
E01002626,17275
E01002627,24338
E01002628,16025
E01002629,20865
E01002630,15908
E01002631,21276
E01002632,17918
E01002633,28042
E01002634,26102
E01002635,18839
E01002636,15421
E01002637,25487
E01002638,25209
E01002639,13708
E01002640,17229
E01002641,22740
E01002642,19429
E01002643,20754
E01002645,22318
E01002646,24770
E01002647,21396
E01002648,18588
E01002649,23026
E01002650,21305
E01002651,17778
E01002652,17062
E01002653,13617
E01002654,13560
E01002655,11431
E01002656,13889
E01002657,6693
E01002658,8275
E01002659,13661
E01002660,17436
E01002661,15404
E01002662,16058
E01002663,20034
E01002664,23975
E01002665,20900
E01002666,16527
E01002667,19258
E01002668,14350
E01002669,28178
E01002670,14726
E01002671,16475
E01002672,23077
E01002673,30550
E01002674,13473
E01002675,12721
E01002676,14553
E01002677,18081
E01002678,9997
E01002679,12170
E01002680,15080
E01002681,22928
E01002682,16857
E01002683,10784
E01002684,21558
E01002686,27904
E01002687,10002
E01002689,17808
E01002690,8648
E01002691,9218
E01002692,15002
E01002693,14401
E01002694,29357
E01002695,20377
E01002696,18666
E01002697,25702
E01002698,16251
E01002699,18258
E01002700,12282
E01002701,23690
E01002702,24602
E01002703,23448
E01002704,20295
E01002706,22029
E01002707,22467
E01002708,24809
E01002709,27009
E01002710,25270
E01002711,19929
E01002712,23282
E01002713,29678
E01002714,12931
E01002715,28123
E01002716,26811
E01002717,20383
E01002718,17915
E01002719,15574
E01002720,28594
E01002721,23906
E01002722,27575
E01002723,24094
E01002724,13472
E01002725,24386
E01002726,21774
E01002727,22679
E01002728,23398
E01002729,25305
E01002730,25003
E01002731,21778
E01002732,30194
E01002733,17190
E01002734,28748
E01002735,26379
E01002736,29784
E01002737,27235
E01002738,21884
E01002739,16184
E01002740,15001
E01002741,26898
E01002742,14712
E01002743,17663
E01002744,16616
E01002745,14716
E01002747,12130
E01002748,28551
E01002749,20684
E01002751,27974
E01002752,20404
E01002753,24561
E01002754,15308
E01002755,28541
E01002756,23682
E01002757,21523
E01002758,29613
E01002759,19033
E01002760,28213
E01002762,19080
E01002763,26222
E01002764,25263
E01002765,23935
E01002766,25580
E01002767,27569
E01002768,24494
E01002769,18602
E01002770,24815
E01002771,23454
E01002772,24207
E01002773,30680
E01002774,25236
E01002775,20224
E01002776,25815
E01002777,23589
E01002778,28293
E01002779,17260
E01002780,22879
E01002781,24318
E01002782,27687
E01002783,30078
E01002784,26699
E01002785,17510
E01002786,27349
E01002787,25793
E01002788,15840
E01002789,12587
E01002790,29191
E01002791,12772
E01002792,14992
E01002793,27394
E01002794,20237
E01002795,22089
E01002796,21203
E01002797,25805
E01002798,19651
E01002799,25872
E01002800,28254
E01002801,15711
E01002802,22589
E01002803,21313
E01002804,27757
E01002805,20683
E01002806,23224
E01002807,25586
E01002808,21859
E01002809,25517
E01002810,26308
E01002811,28153
E01002812,10146
E01002813,8446
E01002814,22096
E01002815,16959
E01002816,10126
E01002817,8829
E01002818,11415
E01002819,9599
E01002820,7790
E01002821,9426
E01002822,11643
E01002823,24032
E01002824,8382
E01002825,7959
E01002826,9250
E01002827,10760
E01002828,15129
E01002829,26789
E01002830,27080
E01002831,27545
E01002832,25477
E01002833,17761
E01002834,14498
E01002835,8915
E01002836,9623
E01002837,11902
E01002838,9641
E01002839,22524
E01002840,27863
E01002841,22946
E01002842,30251
E01002843,29280
E01002844,15878
E01002845,19300
E01002846,25218
E01002847,20178
E01002848,24601
E01002849,16036
E01002850,21271
E01002851,28514
E01002852,29047
E01002853,31632
E01002854,29814
E01002855,29869
E01002856,27916
E01002857,31832
E01002858,21091
E01002859,8564
E01002860,10005
E01002861,13958
E01002862,22675
E01002863,8229
E01002864,7729
E01002865,4851
E01002866,19058
E01002867,20325
E01002868,7396
E01002869,18204
E01002870,28954
E01002871,9900
E01002872,28239
E01002873,18364
E01002874,18519
E01002875,13858
E01002876,18619
E01002877,28919
E01002878,26525
E01002879,29036
E01002880,29629
E01002881,28731
E01002882,15940
E01002883,10372
E01002884,19744
E01002885,18149
E01002886,13745
E01002887,11314
E01002888,9395
E01002889,5977
E01002890,7012
E01002891,7741
E01002892,6479
E01002893,19909
E01002894,18430
E01002895,9760
E01002896,8709
E01002897,14567
E01002898,7659
E01002899,19631
E01002900,6114
E01002901,15380
E01002902,9253
E01002903,5316
E01002904,29801
E01002905,29690
E01002906,26197
E01002907,31050
E01002908,23207
E01002909,24689
E01002910,15212
E01002911,11288
E01002912,12804
E01002913,16753
E01002914,6887
E01002915,5846
E01002916,6062
E01002917,1411
E01002918,10898
E01002919,14503
E01002920,2385
E01002921,14146
E01002922,7132
E01002923,24845
E01002924,832
E01002925,10054
E01002926,4965
E01002927,11396
E01002928,15516
E01002929,6833
E01002930,9571
E01002931,10040
E01002932,23045
E01002933,14333
E01002934,1063
E01002935,6073
E01002937,2392
E01002938,2117
E01002939,11534
E01002940,16768
E01002941,7611
E01002942,9274
E01002943,15614
E01002944,12177
E01002945,7167
E01002946,6699
E01002947,4892
E01002948,16600
E01002949,8019
E01002950,16699
E01002951,2744
E01002952,3711
E01002953,4603
E01002954,10912
E01002955,13233
E01002956,4935
E01002957,13223
E01002958,4326
E01002959,673
E01002960,3476
E01002961,4989
E01002962,11734
E01002963,8185
E01002964,16108
E01002965,11748
E01002966,7657
E01002967,2653
E01002968,13417
E01002969,28844
E01002970,19405
E01002971,11158
E01002972,12487
E01002973,20862
E01002974,12824
E01002975,10823
E01002976,5946
E01002977,17103
E01002978,5054
E01002979,7691
E01002980,5080
E01002981,10609
E01002982,12521
E01002983,5037
E01002984,16016
E01002985,10398
E01002986,11385
E01002987,17276
E01002988,4132
E01002989,6582
E01002990,5330
E01002991,5355
E01002992,4101
E01002993,8558
E01002994,5638
E01002995,3251
E01002996,5246
E01002997,6195
E01002998,13330
E01002999,13269
E01003000,17957
E01003001,11582
E01003002,16326
E01003003,14205
E01003004,9366
E01003005,5201
E01003006,5547
E01003007,2066
E01003008,708
E01003009,7392
E01003010,1655
E01003011,4310
E01003013,10979
E01003014,22837
E01003015,23073
E01003016,12070
E01003017,21108
E01003018,20462
E01003019,17467
E01003020,21459
E01003021,26307
E01003022,18907
E01003023,17848
E01003024,25554
E01003025,19879
E01003026,16234
E01003027,8421
E01003028,18304
E01003029,17760
E01003030,15529
E01003031,21213
E01003032,25575
E01003033,13838
E01003034,17154
E01003035,22042
E01003036,21624
E01003037,28065
E01003038,13862
E01003039,9120
E01003040,19518
E01003041,26836
E01003042,22656
E01003043,21287
E01003044,29380
E01003045,28215
E01003046,26548
E01003047,28466
E01003048,27940
E01003049,28503
E01003050,23739
E01003051,27402
E01003052,28784
E01003053,20943
E01003054,19906
E01003055,26610
E01003056,24785
E01003057,27492
E01003058,21675
E01003059,28327
E01003060,27586
E01003061,27937
E01003062,20416
E01003063,27876
E01003064,11591
E01003065,28889
E01003066,27765
E01003067,18889
E01003068,24250
E01003069,26047
E01003070,29549
E01003071,15006
E01003072,15348
E01003073,24925
E01003074,21820
E01003075,29279
E01003076,17193
E01003077,18098
E01003078,9336
E01003079,25189
E01003080,17168
E01003081,24687
E01003082,24908
E01003083,18186
E01003084,17847
E01003085,15249
E01003086,25493
E01003087,29244
E01003088,25939
E01003089,25518
E01003090,22343
E01003091,21103
E01003092,27510
E01003093,26283
E01003094,25022
E01003095,18272
E01003096,22356
E01003097,25820
E01003098,21088
E01003099,23009
E01003100,15773
E01003101,23929
E01003102,22611
E01003104,21856
E01003105,24470
E01003106,23357
E01003107,16307
E01003108,26253
E01003109,23596
E01003110,16246
E01003111,27063
E01003112,24779
E01003113,20902
E01003114,20352
E01003115,18892
E01003116,18880
E01003117,20225
E01003118,20650
E01003119,20091
E01003120,26128
E01003121,26084
E01003122,22514
E01003123,17737
E01003124,24763
E01003125,24960
E01003126,24176
E01003127,22722
E01003128,26728
E01003129,21677
E01003130,16165
E01003131,16944
E01003132,25828
E01003133,21766
E01003134,18087
E01003135,25589
E01003136,20984
E01003137,24480
E01003138,9114
E01003139,12323
E01003140,15753
E01003141,21478
E01003142,16848
E01003143,24253
E01003144,16185
E01003145,21209
E01003146,22139
E01003147,18998
E01003148,17570
E01003149,14124
E01003150,22956
E01003151,26208
E01003152,11838
E01003153,13686
E01003154,23930
E01003155,17659
E01003156,17271
E01003157,12715
E01003158,5337
E01003159,27386
E01003160,24469
E01003161,17536
E01003162,23434
E01003163,14057
E01003164,23867
E01003165,20318
E01003166,16625
E01003167,13398
E01003168,28703
E01003169,21107
E01003170,11186
E01003171,22308
E01003172,25129
E01003173,14309
E01003174,26419
E01003175,27313
E01003176,27026
E01003177,22479
E01003178,19851
E01003179,25268
E01003180,20392
E01003181,27720
E01003182,23017
E01003183,24244
E01003184,26353
E01003185,23297
E01003186,18296
E01003187,27222
E01003188,28091
E01003189,29444
E01003190,26851
E01003191,26921
E01003192,30473
E01003193,25394
E01003194,26790
E01003195,18995
E01003196,29213
E01003197,29496
E01003198,17269
E01003199,12325
E01003200,10177
E01003201,23932
E01003202,7296
E01003203,21861
E01003204,19143
E01003205,27403
E01003206,13189
E01003207,27556
E01003209,22529
E01003210,20270
E01003211,21064
E01003212,20730
E01003213,19160
E01003214,22840
E01003215,21976
E01003216,20606
E01003217,19282
E01003218,14674
E01003219,17009
E01003220,22110
E01003221,25602
E01003222,20150
E01003223,15652
E01003224,20141
E01003225,7622
E01003226,15635
E01003227,13630
E01003228,16822
E01003229,25966
E01003230,20068
E01003231,21235
E01003232,11007
E01003233,15231
E01003235,24038
E01003236,27572
E01003237,25080
E01003238,27505
E01003239,26752
E01003240,25945
E01003241,26217
E01003243,27798
E01003244,24432
E01003245,27058
E01003246,28856
E01003247,16748
E01003248,25172
E01003249,21805
E01003250,24853
E01003251,23915
E01003252,28431
E01003253,27282
E01003254,10931
E01003255,16302
E01003256,24981
E01003257,20003
E01003258,25398
E01003259,19349
E01003260,13331
E01003261,14543
E01003262,17710
E01003263,23847
E01003264,22927
E01003265,24572
E01003266,28371
E01003267,26997
E01003268,20712
E01003269,23630
E01003270,10130
E01003271,6769
E01003272,17476
E01003273,15919
E01003274,15887
E01003275,25117
E01003276,19074
E01003277,20278
E01003278,22760
E01003279,15154
E01003280,23227
E01003281,16069
E01003282,21113
E01003283,9865
E01003284,17871
E01003285,12567
E01003286,24909
E01003287,11295
E01003288,25196
E01003290,29969
E01003291,29783
E01003292,18974
E01003293,23843
E01003295,24482
E01003296,24154
E01003297,24524
E01003298,25814
E01003299,26165
E01003300,26523
E01003301,22506
E01003302,25618
E01003303,28616
E01003304,27292
E01003305,29451
E01003307,17869
E01003308,21105
E01003309,25812
E01003310,24624
E01003311,16155
E01003312,16366
E01003313,27072
E01003314,15938
E01003315,23468
E01003316,16047
E01003317,23824
E01003318,30204
E01003319,25412
E01003320,26982
E01003321,25838
E01003322,21700
E01003323,26634
E01003324,27652
E01003325,27424
E01003326,24278
E01003327,15302
E01003328,22850
E01003329,17740
E01003330,26621
E01003331,23176
E01003332,23552
E01003333,21969
E01003334,24246
E01003335,26467
E01003336,26589
E01003337,26289
E01003338,26828
E01003339,22940
E01003340,17565
E01003341,19083
E01003342,18028
E01003343,19940
E01003344,18122
E01003345,15552
E01003346,26749
E01003347,29733
E01003348,22503
E01003349,26263
E01003350,26521
E01003351,27683
E01003352,25272
E01003353,19734
E01003354,20112
E01003355,6636
E01003356,3357
E01003357,23266
E01003358,2786
E01003359,14913
E01003360,5148
E01003361,7688
E01003362,5970
E01003363,3314
E01003364,4149
E01003365,4287
E01003366,17054
E01003367,13323
E01003368,15443
E01003369,11006
E01003370,11947
E01003371,11251
E01003372,22989
E01003373,26224
E01003374,25375
E01003375,17720
E01003376,22166
E01003377,25445
E01003378,17053
E01003379,25363
E01003380,3156
E01003381,5675
E01003382,5209
E01003383,4147
E01003384,5815
E01003385,1179
E01003386,14821
E01003387,24914
E01003388,22552
E01003389,20760
E01003390,26417
E01003391,28108
E01003392,15911
E01003393,12928
E01003394,14980
E01003395,10569
E01003396,11010
E01003397,13006
E01003398,14139
E01003399,7122
E01003400,4279
E01003401,1400
E01003402,2029
E01003403,3120
E01003404,6850
E01003405,22458
E01003406,20756
E01003407,10515
E01003408,10533
E01003409,21759
E01003410,19726
E01003411,14944
E01003412,20595
E01003413,14281
E01003414,12583
E01003415,18261
E01003416,13040
E01003417,7308
E01003418,4192
E01003419,9886
E01003420,7281
E01003421,8143
E01003422,7258
E01003423,3214
E01003424,1161
E01003425,1381
E01003426,8606
E01003427,12979
E01003428,7546
E01003429,13132
E01003430,25230
E01003431,24520
E01003432,28683
E01003433,16389
E01003434,11789
E01003435,16372
E01003436,22433
E01003437,14900
E01003438,23202
E01003439,23481
E01003440,20846
E01003441,20713
E01003442,2548
E01003443,1878
E01003444,2715
E01003445,7643
E01003446,8480
E01003447,21731
E01003448,21824
E01003449,17127
E01003450,23862
E01003451,11363
E01003452,23264
E01003453,21698
E01003454,2876
E01003455,9501
E01003456,11561
E01003457,2873
E01003458,3390
E01003459,14967
E01003460,7054
E01003461,1107
E01003462,4376
E01003463,1633
E01003464,3505
E01003465,2022
E01003466,1943
E01003467,4675
E01003468,1843
E01003469,14910
E01003470,7753
E01003471,5830
E01003472,1173
E01003473,2591
E01003474,1875
E01003475,16162
E01003476,10352
E01003477,6539
E01003478,3964
E01003479,24860
E01003480,21469
E01003481,24151
E01003482,23380
E01003483,27695
E01003484,20603
E01003485,21517
E01003486,30325
E01003487,29506
E01003488,28785
E01003489,26725
E01003490,25301
E01003491,24588
E01003492,22044
E01003493,23451
E01003494,19560
E01003495,16710
E01003496,24107
E01003497,26292
E01003498,26258
E01003499,28763
E01003500,26711
E01003501,27407
E01003502,27460
E01003503,28385
E01003506,29839
E01003507,26562
E01003508,27613
E01003509,27108
E01003511,27054
E01003512,27061
E01003513,20204
E01003514,27529
E01003515,30311
E01003516,28560
E01003517,30138
E01003518,20546
E01003519,24546
E01003520,23060
E01003521,24072
E01003522,25473
E01003523,25552
E01003524,24110
E01003525,25136
E01003526,24848
E01003527,18450
E01003528,24991
E01003529,21060
E01003530,20026
E01003531,24434
E01003532,22231
E01003533,23586
E01003534,22183
E01003535,29264
E01003536,24599
E01003537,22271
E01003538,25780
E01003539,23466
E01003540,28171
E01003541,23348
E01003542,26096
E01003543,20932
E01003544,24193
E01003545,23340
E01003546,26389
E01003547,17553
E01003548,20298
E01003549,22426
E01003550,23229
E01003551,26950
E01003552,24731
E01003553,27248
E01003554,20005
E01003555,22562
E01003556,29198
E01003557,27573
E01003558,28040
E01003559,19077
E01003560,23822
E01003561,21300
E01003562,22578
E01003563,23312
E01003564,23490
E01003565,22341
E01003566,25011
E01003567,25811
E01003568,21483
E01003569,23655
E01003570,25460
E01003571,23805
E01003572,23686
E01003573,23295
E01003574,24505
E01003575,24744
E01003576,27995
E01003577,28832
E01003578,22785
E01003579,24066
E01003580,26103
E01003581,23130
E01003582,25244
E01003583,24065
E01003584,24578
E01003585,23795
E01003586,24801
E01003587,23838
E01003588,24433
E01003589,23148
E01003590,28064
E01003591,26635
E01003592,26734
E01003593,26040
E01003594,24448
E01003595,24704
E01003596,22218
E01003597,22460
E01003598,25409
E01003599,25367
E01003600,26714
E01003601,27691
E01003602,22729
E01003603,20664
E01003604,27202
E01003605,24566
E01003606,24109
E01003607,25058
E01003608,21438
E01003609,20814
E01003611,25496
E01003615,23450
E01003616,24548
E01003617,24839
E01003618,23138
E01003619,27060
E01003621,20844
E01003622,26487
E01003623,25488
E01003624,25615
E01003625,24147
E01003626,21431
E01003627,24039
E01003628,19610
E01003629,23226
E01003630,24743
E01003631,23404
E01003632,19273
E01003633,28404
E01003634,25345
E01003635,21849
E01003636,25899
E01003637,20053
E01003638,16444
E01003639,18742
E01003640,16539
E01003641,13186
E01003642,15414
E01003643,9910
E01003644,11378
E01003645,17949
E01003646,11097
E01003647,12312
E01003648,5277
E01003649,7064
E01003650,15106
E01003651,9872
E01003652,5863
E01003653,13253
E01003654,16937
E01003655,8464
E01003656,23791
E01003657,11026
E01003658,20662
E01003659,9147
E01003660,4213
E01003661,16738
E01003662,16767
E01003663,14000
E01003664,14625
E01003665,10552
E01003666,18746
E01003668,6967
E01003669,3592
E01003670,7786
E01003671,1035
E01003672,16017
E01003673,9191
E01003674,7043
E01003675,13580
E01003676,8670
E01003677,7618
E01003678,7994
E01003679,7067
E01003680,5430
E01003681,14752
E01003682,6140
E01003683,18655
E01003684,17073
E01003685,19240
E01003686,22897
E01003688,22234
E01003689,25426
E01003690,17215
E01003691,12425
E01003692,13538
E01003693,13147
E01003694,15071
E01003695,20742
E01003696,10094
E01003697,16659
E01003698,13362
E01003699,12797
E01003700,16764
E01003701,15304
E01003702,15609
E01003703,13420
E01003704,17378
E01003705,13184
E01003706,15204
E01003707,14425
E01003708,24352
E01003709,7929
E01003710,9411
E01003711,15757
E01003712,28539
E01003713,16123
E01003714,17684
E01003715,17998
E01003716,20247
E01003718,17323
E01003719,20976
E01003720,25159
E01003721,18076
E01003722,21782
E01003723,23863
E01003724,16922
E01003725,22802
E01003726,25645
E01003727,24774
E01003728,24424
E01003729,24569
E01003730,21135
E01003731,22920
E01003732,26544
E01003733,22321
E01003734,20097
E01003735,26710
E01003736,22081
E01003737,13504
E01003738,13061
E01003739,18332
E01003740,17040
E01003741,15173
E01003742,14008
E01003743,18943
E01003744,6268
E01003745,3090
E01003746,1458
E01003747,3297
E01003748,2276
E01003749,6235
E01003750,10873
E01003751,15207
E01003752,11503
E01003753,12188
E01003754,11798
E01003755,13671
E01003756,15727
E01003757,18782
E01003758,19389
E01003759,2355
E01003760,13932
E01003761,28501
E01003762,12965
E01003763,9953
E01003764,13005
E01003765,6423
E01003766,18046
E01003767,20395
E01003768,24468
E01003769,21924
E01003770,15549
E01003771,15782
E01003772,16097
E01003773,13922
E01003774,6907
E01003775,5256
E01003776,21393
E01003777,5556
E01003778,7885
E01003779,13008
E01003780,3200
E01003781,15969
E01003782,20038
E01003783,26651
E01003784,17070
E01003785,22481
E01003786,11782
E01003787,14296
E01003788,22025
E01003789,8657
E01003790,15109
E01003791,14573
E01003792,9860
E01003793,22062
E01003794,5714
E01003795,6220
E01003796,7696
E01003797,3315
E01003798,6439
E01003799,4751
E01003800,11951
E01003801,1366
E01003802,2013
E01003803,21359
E01003804,3110
E01003805,1093
E01003806,5801
E01003807,5569
E01003808,3364
E01003809,3471
E01003810,5114
E01003811,2830
E01003812,5529
E01003813,2079
E01003814,7007
E01003815,6941
E01003816,10848
E01003817,9506
E01003818,4656
E01003819,24204
E01003820,10044
E01003821,2466
E01003822,607
E01003823,4826
E01003824,1934
E01003825,774
E01003826,20715
E01003827,6411
E01003828,3474
E01003829,23080
E01003830,7645
E01003831,8538
E01003832,27638
E01003833,15425
E01003834,4898
E01003835,1804
E01003836,11775
E01003837,5578
E01003838,4952
E01003839,11945
E01003840,13731
E01003841,22671
E01003842,18804
E01003843,14632
E01003844,7327
E01003845,7480
E01003846,1509
E01003847,4204
E01003848,9928
E01003849,6348
E01003851,3249
E01003852,12510
E01003853,10065
E01003854,5557
E01003855,17745
E01003856,3740
E01003857,2857
E01003858,1236
E01003859,4225
E01003860,7408
E01003861,6053
E01003862,16519
E01003863,17340
E01003864,4690
E01003865,10064
E01003866,1169
E01003867,10416
E01003868,2920
E01003869,2389
E01003870,3177
E01003871,2167
E01003872,5343
E01003873,5112
E01003874,2570
E01003875,4939
E01003876,4190
E01003877,3401
E01003878,18110
E01003879,3271
E01003880,3506
E01003881,1942
E01003882,3633
E01003883,2122
E01003884,2902
E01003885,3500
E01003886,905
E01003887,1916
E01003888,12461
E01003889,2169
E01003890,4046
E01003891,434
E01003892,1153
E01003893,4184
E01003894,2166
E01003895,5794
E01003896,5218
E01003897,6148
E01003898,5641
E01003899,2470
E01003900,19414
E01003901,4592
E01003902,3264
E01003903,11992
E01003904,9220
E01003905,5257
E01003906,10751
E01003907,19272
E01003908,4397
E01003909,5342
E01003910,3955
E01003911,24739
E01003912,28768
E01003913,17762
E01003914,19676
E01003915,23831
E01003916,21925
E01003917,24896
E01003918,26802
E01003919,21206
E01003920,25875
E01003921,28489
E01003922,25127
E01003923,23061
E01003924,25385
E01003925,26054
E01003926,25514
E01003927,15299
E01003929,20767
E01003930,24311
E01003932,28263
E01003933,26427
E01003934,17281
E01003935,19291
E01003936,13150
E01003937,21654
E01003938,25379
E01003939,18884
E01003940,26334
E01003941,16921
E01003942,25462
E01003943,28619
E01003945,15291
E01003946,15860
E01003947,27365
E01003948,16101
E01003949,15928
E01003950,23527
E01003951,14946
E01003952,14481
E01003953,17302
E01003954,16091
E01003955,16955
E01003956,10470
E01003957,13021
E01003958,15217
E01003960,23471
E01003961,27917
E01003963,28334
E01003964,27085
E01003966,26315
E01003967,25468
E01003968,30103
E01003969,21522
E01003970,28269
E01003971,30729
E01003972,23660
E01003973,24734
E01003974,27078
E01003975,25320
E01003976,25018
E01003977,23520
E01003978,20738
E01003979,24591
E01003980,26113
E01003981,22959
E01003983,25365
E01003984,27029
E01003986,28017
E01003987,26678
E01003988,25620
E01003989,24277
E01003990,25334
E01003991,28347
E01003992,25935
E01003993,24013
E01003994,27192
E01003995,26984
E01003997,24939
E01003998,22167
E01003999,21769
E01004000,23804
E01004001,27231
E01004002,16358
E01004003,27161
E01004004,25614
E01004005,29815
E01004006,22936
E01004007,28396
E01004008,26896
E01004010,25883
E01004011,25284
E01004012,23431
E01004013,28313
E01004014,26531
E01004015,20667
E01004016,18659
E01004017,14504
E01004018,9858
E01004019,21480
E01004020,23826
E01004021,13735
E01004022,21838
E01004023,24105
E01004024,25381
E01004027,18072
E01004028,22915
E01004029,11108
E01004030,22040
E01004031,22632
E01004032,6099
E01004033,23294
E01004034,22484
E01004035,27382
E01004036,25550
E01004037,22582
E01004038,20305
E01004039,20509
E01004040,28547
E01004041,23495
E01004042,29857
E01004043,22905
E01004044,25354
E01004045,23447
E01004046,16135
E01004047,21694
E01004048,18923
E01004049,15557
E01004050,13404
E01004051,8001
E01004052,14662
E01004053,6655
E01004054,6221
E01004055,28248
E01004056,18199
E01004057,19818
E01004058,6297
E01004059,16079
E01004060,25756
E01004061,19688
E01004062,24523
E01004063,23499
E01004064,25066
E01004065,17824
E01004066,21426
E01004067,27148
E01004068,26726
E01004069,7498
E01004070,11942
E01004071,16906
E01004072,7311
E01004073,6494
E01004074,8050
E01004075,6579
E01004076,16991
E01004077,12372
E01004078,14501
E01004079,6495
E01004080,8160
E01004081,11145
E01004082,2644
E01004083,29644
E01004084,3129
E01004085,6401
E01004086,14182
E01004087,3072
E01004088,29424
E01004089,27150
E01004090,26744
E01004091,1904
E01004092,5194
E01004093,2745
E01004094,1816
E01004095,2960
E01004096,17513
E01004097,2142
E01004098,3362
E01004099,19361
E01004100,4972
E01004101,2023
E01004102,9314
E01004103,6061
E01004104,1424
E01004105,2408
E01004106,665
E01004107,11249
E01004108,11941
E01004109,13653
E01004110,7320
E01004111,8901
E01004112,504
E01004114,2001
E01004115,3582
E01004116,3843
E01004117,1388
E01004118,8063
E01004119,7820
E01004120,2091
E01004121,6158
E01004122,2647
E01004123,23897
E01004124,20944
E01004125,25612
E01004126,25470
E01004127,18292
E01004128,21256
E01004129,26626
E01004130,8605
E01004131,9687
E01004132,4118
E01004133,3950
E01004134,10480
E01004135,5220
E01004136,6280
E01004137,14918
E01004138,13070
E01004139,7847
E01004140,26571
E01004141,19347
E01004142,22648
E01004143,10425
E01004144,6756
E01004145,10981
E01004146,11212
E01004147,7615
E01004148,21045
E01004149,8287
E01004150,19790
E01004151,13778
E01004152,13834
E01004153,11908
E01004154,2218
E01004155,5920
E01004156,7051
E01004157,823
E01004158,5665
E01004159,13081
E01004160,7500
E01004161,5782
E01004162,10076
E01004163,13497
E01004164,10794
E01004165,15261
E01004166,10007
E01004167,25491
E01004168,6661
E01004169,23369
E01004170,8599
E01004171,3814
E01004172,19202
E01004173,12418
E01004174,16127
E01004175,9386
E01004176,10577
E01004177,17556
E01004178,16010
E01004179,4817
E01004180,2369
E01004181,15334
E01004182,22120
E01004183,24075
E01004184,24708
E01004185,29420
E01004186,12644
E01004187,20477
E01004188,12872
E01004189,24131
E01004190,1998
E01004191,5494
E01004192,9911
E01004193,11100
E01004194,9553
E01004195,7728
E01004196,3138
E01004197,23546
E01004198,29146
E01004199,29564
E01004200,23401
E01004201,22595
E01004202,22345
E01004203,23964
E01004204,26570
E01004205,27939
E01004206,29398
E01004207,26871
E01004208,22129
E01004209,29242
E01004211,25568
E01004212,22006
E01004214,27158
E01004215,16220
E01004216,13007
E01004217,20456
E01004218,11417
E01004219,26464
E01004221,17584
E01004222,27878
E01004223,27139
E01004224,25392
E01004225,19173
E01004226,24160
E01004228,19995
E01004229,22505
E01004230,23679
E01004231,25970
E01004232,19092
E01004233,25358
E01004234,21626
E01004235,25988
E01004236,28176
E01004237,24697
E01004238,25156
E01004239,28943
E01004240,25641
E01004241,27617
E01004242,23076
E01004243,27359
E01004244,29428
E01004245,30081
E01004246,24787
E01004247,29020
E01004248,29379
E01004249,29397
E01004250,28451
E01004251,24169
E01004252,27016
E01004253,23940
E01004254,17386
E01004255,26861
E01004256,27168
E01004257,26170
E01004258,20042
E01004259,22804
E01004260,25849
E01004261,22564
E01004262,24477
E01004263,26155
E01004264,26704
E01004266,23192
E01004267,26172
E01004268,26723
E01004269,25856
E01004270,20310
E01004271,25306
E01004272,27002
E01004273,27565
E01004274,21584
E01004275,12685
E01004276,2700
E01004277,5687
E01004280,22152
E01004281,6046
E01004283,24621
E01004284,25478
E01004285,28502
E01004286,27463
E01004287,24797
E01004288,27970
E01004289,26812
E01004290,24112
E01004291,8168
E01004292,5459
E01004293,6785
E01004294,17309
E01004295,25338
E01004296,22702
E01004297,7451
E01004298,28933
E01004300,27531
E01004301,27240
E01004302,22245
E01004303,21447
E01004304,28104
E01004305,25233
E01004306,27540
E01004307,12934
E01004308,24223
E01004309,28095
E01004310,27719
E01004311,28200
E01004312,28460
E01004313,21812
E01004314,19791
E01004315,25994
E01004316,28302
E01004317,23600
E01004318,27272
E01004319,25999
E01004321,26499
E01004322,25861
E01004323,23707
E01004324,27792
E01004325,21794
E01004326,22836
E01004327,24852
E01004328,20890
E01004329,21269
E01004330,15788
E01004331,20686
E01004332,23917
E01004333,23778
E01004334,29725
E01004335,28482
E01004336,21680
E01004337,22726
E01004338,17903
E01004339,21787
E01004340,29412
E01004341,25808
E01004342,20369
E01004343,14654
E01004344,25064
E01004345,19198
E01004346,16872
E01004347,14392
E01004348,16851
E01004349,24753
E01004350,24146
E01004351,13952
E01004352,8849
E01004353,14969
E01004354,12514
E01004355,22187
E01004356,22588
E01004357,16385
E01004358,20127
E01004359,11440
E01004360,11954
E01004361,14292
E01004362,20988
E01004363,17892
E01004364,25775
E01004365,24486
E01004366,18083
E01004367,23421
E01004368,19956
E01004369,14722
E01004370,13385
E01004371,19008
E01004372,10458
E01004373,22412
E01004374,15945
E01004375,19135
E01004376,20200
E01004377,18368
E01004378,20780
E01004379,10462
E01004380,20572
E01004381,14305
E01004382,28181
E01004383,13885
E01004384,25801
E01004385,26363
E01004386,6976
E01004387,4749
E01004388,17889
E01004389,25311
E01004390,26941
E01004391,19544
E01004392,22820
E01004393,19950
E01004394,27315
E01004395,16094
E01004396,18422
E01004397,23178
E01004398,27942
E01004399,30268
E01004400,24449
E01004401,20206
E01004402,26046
E01004403,25185
E01004404,24200
E01004405,24030
E01004406,20432
E01004407,28929
E01004408,20991
E01004409,23502
E01004410,26677
E01004411,22945
E01004412,17106
E01004413,25847
E01004414,19679
E01004415,22922
E01004416,20758
E01004417,20840
E01004418,17928
E01004419,19384
E01004420,29160
E01004421,22104
E01004422,23187
E01004423,27304
E01004424,27716
E01004425,22556
E01004426,22314
E01004427,19748
E01004428,28457
E01004429,20964
E01004430,21715
E01004432,22908
E01004434,23689
E01004435,24363
E01004436,23011
E01004437,22449
E01004438,19235
E01004439,17611
E01004440,22621
E01004441,17400
E01004442,12692
E01004443,25475
E01004444,26692
E01004445,24227
E01004446,21092
E01004447,15690
E01004448,23072
E01004449,30041
E01004450,14804
E01004451,14970
E01004452,21982
E01004453,22517
E01004454,21705
E01004455,24516
E01004456,29308
E01004457,18891
E01004458,22797
E01004459,29465
E01004460,24747
E01004461,14150
E01004462,21373
E01004463,13909
E01004464,27797
E01004465,16797
E01004466,13719
E01004467,24656
E01004468,16586
E01004469,28413
E01004470,26687
E01004471,26072
E01004472,8178
E01004473,10534
E01004474,16310
E01004475,14874
E01004476,12462
E01004477,2417
E01004478,1701
E01004479,8625
E01004480,4823
E01004481,14083
E01004482,14041
E01004483,12918
E01004484,17007
E01004485,15027
E01004486,16418
E01004487,19596
E01004488,13480
E01004489,23217
E01004490,4829
E01004491,13104
E01004492,14430
E01004493,12480
E01004494,17693
E01004495,21147
E01004496,10657
E01004497,15332
E01004498,6682
E01004499,12740
E01004500,9412
E01004501,16470
E01004502,7556
E01004503,17210
E01004504,8123
E01004505,5480
E01004506,7692
E01004507,6605
E01004508,9245
E01004509,14668
E01004510,6753
E01004511,5875
E01004512,11222
E01004513,16969
E01004514,7390
E01004515,13770
E01004516,11029
E01004517,13855
E01004518,11845
E01004519,15512
E01004520,15411
E01004521,15310
E01004522,16978
E01004523,17662
E01004524,26976
E01004525,19713
E01004526,20659
E01004527,14168
E01004528,24171
E01004529,12290
E01004530,14108
E01004531,22265
E01004532,15034
E01004533,23280
E01004534,12376
E01004535,27874
E01004536,21170
E01004537,26355
E01004538,22142
E01004539,26636
E01004540,22902
E01004541,28144
E01004542,4492
E01004543,5662
E01004544,10781
E01004545,9015
E01004546,4091
E01004547,18790
E01004548,16284
E01004549,17868
E01004550,11998
E01004551,16280
E01004552,9130
E01004553,9822
E01004554,3980
E01004555,2191
E01004556,2048
E01004557,6186
E01004558,3192
E01004559,5269
E01004560,16238
E01004562,24757
E01004563,25069
E01004564,17145
E01004565,17801
E01004566,10368
E01004567,25598
E01004568,21265
E01004569,21869
E01004570,26411
E01004571,21841
E01004572,20772
E01004573,23441
E01004574,26916
E01004575,24539
E01004576,23015
E01004577,13192
E01004579,17496
E01004580,17364
E01004581,14324
E01004582,7111
E01004583,10972
E01004584,25802
E01004585,8517
E01004586,8535
E01004587,6385
E01004588,11680
E01004589,5340
E01004590,22324
E01004591,17294
E01004592,22445
E01004593,6468
E01004594,2572
E01004595,6074
E01004596,3547
E01004597,10634
E01004598,6089
E01004599,986
E01004600,23747
E01004601,17927
E01004602,7815
E01004604,5546
E01004605,11408
E01004606,3419
E01004607,4409
E01004608,14606
E01004609,9783
E01004610,18429
E01004611,14772
E01004612,19315
E01004613,25978
E01004614,16308
E01004615,27667
E01004616,15051
E01004617,20599
E01004618,12122
E01004619,12468
E01004620,12465
E01004621,15075
E01004622,19353
E01004623,6848
E01004624,18029
E01004625,5219
E01004626,12902
E01004627,8522
E01004628,21081
E01004629,6692
E01004630,24778
E01004631,19151
E01004632,6278
E01004633,22838
E01004634,11642
E01004635,12014
E01004636,14604
E01004637,13843
E01004638,4211
E01004639,8827
E01004640,2484
E01004641,18192
E01004642,20199
E01004643,19904
E01004644,16865
E01004645,24190
E01004646,13274
E01004647,15220
E01004648,8909
E01004649,3832
E01004650,3330
E01004651,7341
E01004652,14782
E01004653,9341
E01004654,11578
E01004656,21219
E01004657,10103
E01004658,14548
E01004659,5270
E01004660,6526
E01004661,18700
E01004662,10674
E01004663,16713
E01004665,27468
E01004666,22721
E01004667,24857
E01004668,17087
E01004669,25253
E01004670,30356
E01004674,26701
E01004675,26198
E01004676,19462
E01004677,20752
E01004678,21883
E01004679,25810
E01004680,9535
E01004681,10731
E01004682,13146
E01004683,6503
E01004684,19537
E01004686,21375
E01004687,4473
E01004688,2646
E01004689,14858
E01004690,2771
E01004691,9463
E01004692,4065
E01004693,11366
E01004694,6353
E01004695,11502
E01004696,25920
E01004697,15122
E01004698,18460
E01004699,13644
E01004700,9855
E01004701,7599
E01004702,29157
E01004703,8973
E01004705,2669
E01004706,5021
E01004707,1261
E01004708,20701
E01004709,18608
E01004710,25361
E01004711,21645
E01004712,9581
E01004713,5172
E01004714,8663
E01004715,14754
E01004716,4980
E01004717,10719
E01004718,24724
E01004719,24113
E01004720,25778
E01004721,28122
E01004722,27291
E01004723,24490
E01004724,9354
E01004725,23346
E01004726,7583
E01004727,8481
E01004728,13785
E01004729,22424
E01004730,4038
E01004731,8324
E01004732,29520
E01004733,16853
E01004734,24911
E01004735,27050
E01004736,7982
E01004737,18699
E01004738,7680
E01004739,7639
E01004740,26418
E01004741,19005
E01004742,9746
E01004743,19176
E01004744,22362
E01004745,15067
E01004746,23628
E01004747,20189
E01004748,6838
E01004749,12030
E01004750,17524
E01004751,8784
E01004752,20463
E01004753,15276
E01004754,29979
E01004755,24155
E01004756,20661
E01004757,28734
E01004760,22071
E01004761,6380
E01004762,8923
E01004763,21076
E01004765,17372
E01032512,29518
E01032513,27239
E01032562,25947
E01032563,6949
E01032564,28599
E01032565,27713
E01032566,22175
E01032567,17395
E01032568,22387
E01032569,29820
E01032570,11246
E01032572,15199
E01032573,10131
E01032574,25544
E01032575,27847
E01032576,5086
E01032577,8722
E01032579,27330
E01032580,26629
E01032581,23580
E01032582,24633
E01032583,24904
E01032584,23881
E01032623,485
E01032637,8354
E01032638,2966
E01032639,20616
E01032640,8027
E01032646,12895
E01032719,22668
E01032720,30546
E01032722,27602
E01032739,12453
E01032740,14755
E01032741,17379
E01032742,17130
E01032743,23491
E01032744,26506
E01032764,20250
E01032765,23926
E01032766,18302
E01032767,10516
E01032768,11737
E01032769,16720
E01032770,15524
E01032771,11984
E01032772,21378
E01032773,13272
E01032774,24928
E01032775,7552
E01032776,8045
E01032777,17187
E01032778,16230
E01032779,16106
E01032780,15066
E01032781,11428
E01032782,18095
E01032783,16423
E01032784,20648
E01032785,19132
E01032786,23086
E01032787,26652
E01032788,23122
E01032789,15952
E01032790,16714
E01032803,14964
E01032805,27859
E01032834,7177
E01033000,27332
E01033030,17038
E01033081,21667
E01033082,22252
E01033083,18195
E01033084,22882
E01033085,24028
E01033086,29080
E01033093,11245
E01033098,16256
E01033099,19441
E01033100,23299
E01033101,6105
E01033132,24571
E01033133,11555
E01033135,2989
E01033146,27822
E01033148,27293
E01033150,23119
E01033151,28479
E01033153,27991
E01033207,28000
E01033208,17447
E01033320,19980
E01033322,20534
E01033324,26016
E01033325,18340
E01033327,26465
E01033341,25581
E01033424,20824
E01033455,29145
E01033456,31106
E01033457,18695
E01033463,12448
E01033464,24702
E01033485,26537
E01033486,27839
E01033487,9221
E01033488,26167
E01033489,11196
E01033490,18104
E01033491,24404
E01033492,24838
E01033493,10361
E01033494,15470
E01033568,11906
E01033569,7242
E01033570,14173
E01033571,12347
E01033572,20216
E01033573,16663
E01033574,15877
E01033575,18572
E01033576,21751
E01033577,17582
E01033578,23390
E01033579,19367
E01033580,6955
E01033581,26938
E01033582,13511
E01033583,23442
E01033584,29000
E01033585,29021
E01033586,26769
E01033587,26964
E01033588,27036
E01033589,14239
E01033590,15454
E01033591,25049
E01033592,15971
E01033593,23219
E01033594,24475
E01033595,16398
E01033596,22451
E01033597,23173
E01033598,30994
E01033599,25085
E01033600,9409
E01033601,25829
E01033602,28866
E01033603,27993
E01033604,26366
E01033605,28746
E01033606,12906
E01033607,20218
E01033608,14050
E01033698,26753
E01033699,26433
E01033700,24891
E01033701,30266
E01033702,27233
E01033703,26648
E01033704,23016
E01033705,25653
E01033706,25957
E01033707,25980
E01033708,18601
E01033709,26478
E01033710,21864
E01033711,20233
E01033712,26354
E01033713,26952
E01033724,8476
E01033725,19733
E01033726,26398
E01033727,18058
E01033728,7400
E01033729,22127
E01033730,16200
E01033731,10317
E01033732,22509
E01033733,13553
E01033734,14547
E01033735,23692
E01033736,8961
E01033737,26491
E01033738,20313
E01033739,17682
E01033740,18773
E01033741,18129
E01033742,11899
E01033743,19266
E01033744,24525
E01033745,20147
E01033746,19942
